num_vars,seed,true_edges,edge_density,max_eigenvalue_real,StructureFlow_AUROC,StructureFlow_AUPRC,StructureFlow_training_time,StructureFlow_num_true_edges,hparam_n_steps,hparam_batch_size,hparam_reg,hparam_alpha,hparam_lr,hparam_knockout_hidden,config_id,experiment_id,total_experiments
200,3563,2000,0.05,2.2242626797572798,0.5,0.05,580.9569730758667,2000,4000,64,5e-05,0.3,0.0005,256,0,1,5
200,3563,2000,0.05,2.2242626797572798,0.5,0.05,552.3415739536285,2000,4000,64,1e-06,0.3,0.0005,256,1,2,5
200,3563,2000,0.05,2.2242626797572798,0.5,0.05,7788.155731916428,2000,4000,64,5e-06,0.3,0.0005,256,2,3,5
200,3563,2000,0.05,2.2242626797572798,0.9183407565789473,0.4269907648516301,561.7102868556976,2000,4000,64,1e-07,0.3,0.0005,256,3,4,5
200,3563,2000,0.05,2.2242626797572798,0.6146575065789475,0.18754776046907573,570.2864181995392,2000,4000,64,5e-07,0.3,0.0005,256,4,5,5
