num_vars,seed,sparsity_target,sparsity_actual,true_edges,edge_density,max_eigenvalue_real,Correlation-pearson_AUROC,Correlation-pearson_AUPRC,Correlation-pearson_training_time,Correlation-pearson_num_true_edges,ReferenceFitting_AUROC,ReferenceFitting_AUPRC,ReferenceFitting_training_time,ReferenceFitting_num_true_edges,experiment_id,total_experiments
10,2502,0.2,0.14444444444444443,13,0.14444444444444443,0.45274256050913675,0.9336870026525199,0.6670541199116324,0.008411884307861328,13,0.515473032714412,0.1457858824455769,29.7013943195343,13,1,6
25,2502,0.2,0.19833333333333333,119,0.19833333333333333,1.312350516959753,0.8755272860132195,0.5792912693317145,0.05762887001037598,119,0.5091839107184375,0.21513937060039579,35.948654890060425,119,2,6
50,2502,0.2,0.20489795918367346,502,0.20489795918367346,2.2483800453103724,0.8555806802818755,0.5841160314833563,0.32754993438720703,502,0.5169591902659633,0.21347105427849775,40.28672790527344,502,3,6
100,2502,0.2,0.20656565656565656,2045,0.20656565656565656,3.2842529847500033,0.8198650415924539,0.5568001360244068,1.8095409870147705,2045,0.5043732240798255,0.20592957115664245,44.34821891784668,2045,4,6
200,2502,0.2,0.19924623115577889,7930,0.19924623115577889,4.66541396943789,0.7738436412151697,0.490576798241162,7.279407978057861,7930,0.48967600822758856,0.19428165976340322,63.77089285850525,7930,5,6
500,2502,0.2,0.2014188376753507,50254,0.2014188376753507,8.18031517030121,0.6895586017834803,0.3970475162183286,59.262945890426636,50254,0.4963585073933775,0.1980070233783651,165.58253383636475,50254,6,6
