sparsity_target,actual_sparsity_mean,actual_edges_mean,Correlation-pearson_AUROC_mean,Correlation-pearson_AUROC_std,Correlation-pearson_AUPRC_mean,Correlation-pearson_AUPRC_std,Correlation-pearson_time_mean,StructureFlow_AUROC_mean,StructureFlow_AUROC_std,StructureFlow_AUPRC_mean,StructureFlow_AUPRC_std,StructureFlow_time_mean
0.02,0.02368421052631579,9.0,0.9896568363849396,0.002179828199287937,0.6146032025966236,0.013452691424508638,0.047620932261149086,0.9889375423282191,0.002276139094375122,0.5409731815234208,0.06442593601357684,53.30453888575236
0.05,0.05526315789473685,21.0,0.9273143227092414,0.04449315502199284,0.5759890004133063,0.08724413329852265,0.050287882486979164,0.9424106004806511,0.02909440812989681,0.530057640910275,0.10592618637307934,53.37239098548889
0.2,0.20964912280701753,79.66666666666667,0.8748680114654149,0.02125879053987348,0.614296879810866,0.04377995931201551,0.06963364283243816,0.8524011576026269,0.032153547469957286,0.5669605842364825,0.05599060261494792,56.355201721191406
0.4,0.38859649122807016,147.66666666666666,0.7580968198525474,0.029182315115628774,0.6737090274132678,0.0340895941311166,0.04804221789042155,0.7409467597979362,0.016546980542984698,0.6502205424827228,0.030438620161347064,51.038366079330444
0.8,0.7850877192982457,298.3333333333333,0.6402823892772305,0.013831000667418446,0.8445325962446542,0.01742206919586807,0.03595328330993652,0.6269182306935993,0.0081782349396898,0.832573059553297,0.016485330620809695,52.26456141471863
