timepoint,w_dist_ode,w_dist_sde,mmd2_ode,mmd2_sde
1,1.0883241985861238,1.1044421137796399,0.15179765224456787,0.16373062133789062
2,1.0884081100688356,1.0141738006941379,0.07615876197814941,0.06355524063110352
3,0.6171074349619955,0.7048862514646012,0.024443387985229492,0.03805232048034668
4,0.4623483332504354,0.4966961883974396,0.009859323501586914,0.01321399211883545
