timepoint,w_dist_ode,w_dist_sde,mmd2_ode,mmd2_sde
1,0.334702477978484,0.6459758171817892,0.020022869110107422,0.09324729442596436
2,0.3393351361060695,0.6156577423786028,0.0195772647857666,0.087502121925354
3,0.34786691025423233,0.6269361622842039,0.021959781646728516,0.09104049205780029
4,0.34757741220011845,0.6127315069302254,0.02179241180419922,0.08711481094360352
