timepoint,w_dist_ode,w_dist_sde,mmd2_ode,mmd2_sde
1,1.1905243557118306,1.2488294724790179,0.18295526504516602,0.21888387203216553
2,1.140095729107641,1.0811199428467302,0.10065281391143799,0.07501065731048584
3,0.46513566703403414,0.5694707628473886,0.016409754753112793,0.021227717399597168
4,0.49045320531922754,0.4964444918429351,0.006860613822937012,0.01126718521118164
