timepoint,w_dist_ode,w_dist_sde,mmd2_ode,mmd2_sde
1,1.168487854945825,1.2748782862914927,0.16078603267669678,0.21832549571990967
2,1.0483781761849194,0.973948595459736,0.06655597686767578,0.0465548038482666
3,0.6269258153772028,0.7075693285708734,0.03209531307220459,0.03613293170928955
4,0.47987498265593026,0.5534688180666117,0.010209441184997559,0.023549556732177734
