timepoint,w_dist_ode,w_dist_sde,mmd2_ode,mmd2_sde
1,1.057843385387008,1.1492320447164237,0.14181804656982422,0.18886959552764893
2,1.0039605378634917,0.9737526864755993,0.06956648826599121,0.061257243156433105
3,0.42070997308259933,0.547404590298496,0.011641860008239746,0.018773198127746582
4,0.32928491444669244,0.3776798941341873,0.005200028419494629,0.010357856750488281
