timepoint,w_dist_ode,w_dist_sde,mmd2_ode,mmd2_sde
1,0.21140606463622397,0.2544984454029301,0.004389524459838867,0.012156963348388672
2,0.2038722279599358,0.24868749108628974,0.004218459129333496,0.01245582103729248
3,0.20020461847981574,0.25245782164732916,0.0044710636138916016,0.013073325157165527
4,0.20870907702975922,0.2495365188302714,0.004672050476074219,0.012517213821411133
