timepoint,w_dist_ode,w_dist_sde,mmd2_ode,mmd2_sde
1,1.0708702038824687,1.2060252527761337,0.14329195022583008,0.20986402034759521
2,0.9766479757173656,0.9494417128375409,0.05594015121459961,0.04773151874542236
3,0.5186367398616439,0.5936696373900837,0.022271394729614258,0.025947213172912598
4,0.2855408188349561,0.3987230623532678,0.005120754241943359,0.016264796257019043
