timepoint,w_dist_ode,w_dist_sde,mmd2_ode,mmd2_sde
1,1.089440367259103,1.077372604007988,0.12864482402801514,0.12919116020202637
2,1.1117386897547632,1.0424791689978514,0.06653714179992676,0.05401957035064697
3,0.62029286341708,0.7277754777111769,0.02605593204498291,0.03995013236999512
4,0.5091547437169566,0.5146006807918034,0.007607102394104004,0.010306477546691895
