held_out_ko,held_out_ko_idx,model_type,avg_ode_distance,avg_sde_distance,avg_mmd2_ode,avg_mmd2_sde,seed,dataset_type
,0,sf2m,0.8326566660369757,0.8405569828772049,0.0572112500667572,0.05836683511734009,42,Synthetic
g7,1,sf2m,0.8140470192168476,0.8300495885839546,0.06556478142738342,0.06963804364204407,42,Synthetic
g6,2,sf2m,0.7029497026949478,0.7620173039061766,0.05705660581588745,0.06981447339057922,42,Synthetic
g8,3,sf2m,0.8309167072909694,0.8774662570971785,0.06741169095039368,0.08114069700241089,42,Synthetic
g4,4,sf2m,0.7129239345741085,0.7869649163392565,0.056656062602996826,0.0749518871307373,42,Synthetic
g3,5,sf2m,0.3423704841347261,0.6253253071937054,0.02083808183670044,0.08972617983818054,42,Synthetic
g2,6,sf2m,0.20604799702643367,0.2512950692417051,0.004437774419784546,0.012550830841064453,42,Synthetic
g5,7,sf2m,0.8215522392931833,0.848966167504018,0.07671961188316345,0.08159735798835754,42,Synthetic
