timepoint,w_dist_ode,w_dist_sde,mmd2_ode,mmd2_sde
1,5.964173486931807,6.668251525378053,0.039855003356933594,0.04016590118408203
2,5.921802389043609,6.496279650492418,0.046781301498413086,0.037107229232788086
3,5.794053239655204,6.4972940612278824,0.03745913505554199,0.03495299816131592
