timepoint,w_dist_ode,w_dist_sde,mmd2_ode,mmd2_sde
1,0.2565715269752296,0.2565715269752296,0.005249977111816406,0.005249977111816406
2,0.10541336873643964,0.10541336873643964,5.555152893066406e-05,5.555152893066406e-05
3,0.10327364127647536,0.10327364127647536,0.00010657310485839844,0.00010657310485839844
4,0.09676957195897759,0.09676957195897759,2.586841583251953e-05,2.586841583251953e-05
