timepoint,w_dist_ode,w_dist_sde,mmd2_ode,mmd2_sde
1,1.4969782849660593,1.4969782849660593,0.32148122787475586,0.32148122787475586
2,1.4397422959841721,1.4397422959841721,0.2043977975845337,0.2043977975845337
3,1.0882297023510372,1.0882297023510372,0.12528395652770996,0.12528395652770996
4,0.41303369572042026,0.41303369572042026,0.002111196517944336,0.002111196517944336
