timepoint,w_dist_ode,w_dist_sde,mmd2_ode,mmd2_sde
1,0.12683254024377846,0.12683254024377846,0.0004978179931640625,0.0004978179931640625
2,0.07674590087892706,0.07674590087892706,5.447864532470703e-05,5.447864532470703e-05
3,0.07300384305989958,0.07300384305989958,9.226799011230469e-05,9.226799011230469e-05
4,0.07508627322833016,0.07508627322833016,9.012222290039062e-05,9.012222290039062e-05
