timepoint,w_dist_ode,w_dist_sde,mmd2_ode,mmd2_sde
1,1.4488215169701022,1.4488215169701022,0.2910749912261963,0.2910749912261963
2,1.5182322338676209,1.5182322338676209,0.2203744649887085,0.2203744649887085
3,1.0970262114398717,1.0970262114398717,0.13170576095581055,0.13170576095581055
4,0.5165075820598275,0.5165075820598275,0.00402069091796875,0.00402069091796875
