timepoint,w_dist_ode,w_dist_sde,mmd2_ode,mmd2_sde
1,1.379288479130213,1.379288479130213,0.26984500885009766,0.26984500885009766
2,1.439239914217294,1.439239914217294,0.21365368366241455,0.21365368366241455
3,0.9898253274746245,0.9898253274746245,0.10569071769714355,0.10569071769714355
4,0.41399930157935966,0.41399930157935966,0.004452824592590332,0.004452824592590332
