timepoint,w_dist_ode,w_dist_sde,mmd2_ode,mmd2_sde
1,1.4573468037408275,1.4573468037408275,0.3035726547241211,0.3035726547241211
2,1.4220527045369888,1.4220527045369888,0.19843554496765137,0.19843554496765137
3,1.0872931987171197,1.0872931987171197,0.13442742824554443,0.13442742824554443
4,0.3737530398006375,0.3737530398006375,0.0020723342895507812,0.0020723342895507812
