timepoint,w_dist_ode,w_dist_sde,mmd2_ode,mmd2_sde
1,1.5294290038603198,1.5294290038603198,0.3184701204299927,0.3184701204299927
2,1.4256632278282357,1.4256632278282357,0.18833065032958984,0.18833065032958984
3,1.113915152444769,1.113915152444769,0.1277071237564087,0.1277071237564087
4,0.4159961771979853,0.4159961771979853,0.002250075340270996,0.002250075340270996
