timepoint,w_dist_ode,w_dist_sde,mmd2_ode,mmd2_sde
1,1.475090011126665,1.475090011126665,0.28247082233428955,0.28247082233428955
2,1.4948254193880195,1.4948254193880195,0.19367051124572754,0.19367051124572754
3,1.1406660032690907,1.1406660032690907,0.1264653205871582,0.1264653205871582
4,0.5337631242897795,0.5337631242897795,0.00442814826965332,0.00442814826965332
