held_out_ko,held_out_ko_idx,model_type,avg_ode_distance,avg_sde_distance,avg_mmd2_ode,avg_mmd2_sde,seed,dataset_type
,0,rf,1.1610861395183887,1.1610861395183887,0.15175870060920715,0.15175870060920715,42,Synthetic
g7,1,rf,1.1094959947554222,1.1094959947554222,0.16331854462623596,0.16331854462623596,42,Synthetic
g6,2,rf,1.0555882556003728,1.0555882556003728,0.14841055870056152,0.14841055870056152,42,Synthetic
g8,3,rf,1.1212508903328273,1.1212508903328273,0.15918949246406555,0.15918949246406555,42,Synthetic
g4,4,rf,1.0851114366988934,1.0851114366988934,0.15962699055671692,0.15962699055671692,42,Synthetic
g3,5,rf,0.14050702723678055,0.14050702723678055,0.001359492540359497,0.001359492540359497,42,Synthetic
g2,6,rf,0.08791713935273382,0.08791713935273382,0.0001836717128753662,0.0001836717128753662,42,Synthetic
g5,7,rf,1.1451468860843557,1.1451468860843557,0.16179397702217102,0.16179397702217102,42,Synthetic
